Src,Eqid,Version,Datetime,Lat,Lon,Magnitude,Depth,NST,Region
ci,14865028,2,"Wednesday, October 20, 2010 07:42:07 UTC",32.4252,-115.5630,3.3,6.80,54,"Baja California, Mexico"
ci,14865012,2,"Wednesday, October 20, 2010 07:17:44 UTC",33.3122,-116.6695,1.5,24.90,22,"Southern California"
us,a000425q,5,"Wednesday, October 20, 2010 07:12:36 UTC",12.8615,124.7226,5.1,70.50,23,"Samar, Philippines"
nc,71476596,0,"Wednesday, October 20, 2010 07:08:13 UTC",39.6327,-122.8330,1.4,3.10, 7,"Northern California"
ak,10104231,1,"Wednesday, October 20, 2010 07:00:33 UTC",63.9491,-148.7691,1.5,0.00,14,"Central Alaska"
us,a0004258,7,"Wednesday, October 20, 2010 06:58:15 UTC",24.6236,-108.9928,5.8,10.00,212,"Gulf of California"
ak,10104228,1,"Wednesday, October 20, 2010 06:39:51 UTC",63.8489,-148.4391,1.9,99.90,12,"Central Alaska"
ci,14864948,2,"Wednesday, October 20, 2010 06:06:09 UTC",32.7722,-116.0417,1.7,16.80,14,"Southern California"
us,a000424b,6,"Wednesday, October 20, 2010 05:51:22 UTC",24.3526,-109.1100,4.2,10.70,48,"Gulf of California"
ak,10104213,1,"Wednesday, October 20, 2010 05:50:37 UTC",61.4074,-148.8568,1.5,15.50, 8,"Southern Alaska"
ci,14864940,2,"Wednesday, October 20, 2010 05:42:44 UTC",35.9638,-117.6588,1.6,4.30,24,"Central California"
ci,14864932,2,"Wednesday, October 20, 2010 05:36:39 UTC",33.5605,-116.8042,1.6,22.20,17,"Southern California"
nc,71476561,0,"Wednesday, October 20, 2010 05:06:59 UTC",39.4832,-123.1260,2.1,2.50,10,"Northern California"
ci,14864844,2,"Wednesday, October 20, 2010 05:00:15 UTC",33.7903,-115.9527,1.5,9.60,41,"Southern California"
ci,14864820,2,"Wednesday, October 20, 2010 04:57:45 UTC",33.1645,-116.4423,1.3,13.10,51,"Southern California"
ak,10104196,1,"Wednesday, October 20, 2010 04:44:59 UTC",61.8047,-147.1147,2.1,38.40,25,"Southern Alaska"
nc,71476546,0,"Wednesday, October 20, 2010 04:37:04 UTC",38.8365,-122.8303,1.2,2.30,18,"Northern California"
us,a000423q,4,"Wednesday, October 20, 2010 04:30:38 UTC",24.2823,-109.2663,4.7,10.00,77,"Gulf of California"
us,a000423e,7,"Wednesday, October 20, 2010 04:15:37 UTC",24.5321,-109.1039,5.5,10.00,132,"Gulf of California"
us,a000423a,9,"Wednesday, October 20, 2010 04:09:44 UTC",24.6123,-109.0609,5.7,14.40,335,"Gulf of California"
pr,10293002,0,"Wednesday, October 20, 2010 03:55:43 UTC",18.2099,-68.7259,3.4,141.00, 7,"Dominican Republic"
us,a0004237,5,"Wednesday, October 20, 2010 03:53:41 UTC",-19.3444,-174.0324,4.9,61.40,41,"Tonga"
us,a0004232,8,"Wednesday, October 20, 2010 03:39:29 UTC",24.7635,-108.8639,4.7,8.10,161,"Gulf of California"
pr,10293003,0,"Wednesday, October 20, 2010 03:22:44 UTC",18.8110,-67.6610,2.7,3.70, 8,"Puerto Rico region"
ci,14864508,2,"Wednesday, October 20, 2010 02:46:37 UTC",32.9998,-116.3468,1.4,11.30,60,"Southern California"
pr,10293001,0,"Wednesday, October 20, 2010 02:40:23 UTC",18.4689,-66.1800,3.1,119.00, 9,"Puerto Rico region"
ci,14864484,2,"Wednesday, October 20, 2010 02:39:26 UTC",36.0410,-117.7680,2.0,3.90,10,"Central California"
ci,14864476,2,"Wednesday, October 20, 2010 02:29:44 UTC",32.6082,-115.7917,2.5,3.50,47,"Baja California, Mexico"
ci,14864460,2,"Wednesday, October 20, 2010 01:46:03 UTC",33.7793,-116.1893,1.4,3.50,20,"Southern California"
nc,71476516,0,"Wednesday, October 20, 2010 01:38:57 UTC",36.4805,-121.0597,1.7,7.50,19,"Central California"
nc,71476511,0,"Wednesday, October 20, 2010 01:20:33 UTC",38.8108,-122.7928,1.2,3.20,23,"Northern California"
ci,14864436,2,"Wednesday, October 20, 2010 01:16:55 UTC",33.1583,-115.9785,1.4,3.50,21,"Southern California"
ci,14864428,2,"Wednesday, October 20, 2010 01:13:17 UTC",33.8217,-116.1543,1.3,6.70,46,"Southern California"
ci,14864412,2,"Wednesday, October 20, 2010 01:07:59 UTC",32.6077,-115.7733,1.7,8.80,18,"Baja California, Mexico"
us,a000422l,7,"Wednesday, October 20, 2010 01:05:59 UTC",-0.4523,-80.7837,4.8,38.20,87,"near the coast of Ecuador"
nc,71476491,1,"Wednesday, October 20, 2010 00:52:05 UTC",38.8038,-122.7973,1.8,2.80,29,"Northern California"
ci,14864316,2,"Wednesday, October 20, 2010 00:31:47 UTC",35.9665,-117.6600,1.2,4.40,14,"Central California"
ak,10104089,1,"Wednesday, October 20, 2010 00:26:22 UTC",63.9508,-148.9760,1.6,0.00, 9,"Central Alaska"
nc,71476486,0,"Wednesday, October 20, 2010 00:25:11 UTC",40.3437,-124.3435,1.8,16.20, 6,"Northern California"
nn,00319094,7,"Wednesday, October 20, 2010 00:17:27 UTC",39.0895,-119.6352,1.4,14.10, 7,"Nevada"
pr,10293000,0,"Wednesday, October 20, 2010 00:00:36 UTC",18.1959,-67.2770,2.5,17.00, 9,"Mona Passage, Puerto Rico"
ci,14864300,2,"Tuesday, October 19, 2010 23:59:39 UTC",34.3050,-117.4575,2.0,0.10,13,"Southern California"
ak,10104007,1,"Tuesday, October 19, 2010 23:28:25 UTC",61.1959,-151.2501,1.5,71.80, 9,"Southern Alaska"
ci,14864276,2,"Tuesday, October 19, 2010 23:14:23 UTC",36.0318,-117.7782,2.3,4.10,11,"Central California"
us,a000421k,5,"Tuesday, October 19, 2010 23:04:06 UTC",-4.8953,102.4361,4.7,42.70,29,"southern Sumatra, Indonesia"
nc,71476411,0,"Tuesday, October 19, 2010 22:20:03 UTC",38.8363,-122.7797,1.2,0.70,15,"Northern California"
ci,14864252,2,"Tuesday, October 19, 2010 21:39:35 UTC",36.0345,-117.7718,2.5,4.10,11,"Central California"
ci,14864236,2,"Tuesday, October 19, 2010 21:32:42 UTC",33.6060,-117.0427,1.2,6.80,13,"Southern California"
ak,10103896,1,"Tuesday, October 19, 2010 21:32:20 UTC",61.8614,-149.9927,1.9,19.00,16,"Southern Alaska"
us,a00041zj,7,"Tuesday, October 19, 2010 21:16:24 UTC",-20.2817,-173.7208,5.1,44.50,125,"Tonga"
ci,14864172,5,"Tuesday, October 19, 2010 20:58:42 UTC",32.0838,-115.2337,3.7,10.00,12,"Baja California, Mexico"
us,a00041xp,4,"Tuesday, October 19, 2010 20:49:08 UTC",-6.4013,104.9148,5.0,41.80,14,"Sunda Strait, Indonesia"
ak,10103866,1,"Tuesday, October 19, 2010 20:46:19 UTC",60.4016,-152.2673,1.8,72.00,14,"Southern Alaska"
ci,14864164,2,"Tuesday, October 19, 2010 20:41:42 UTC",35.9375,-117.6590,1.2,5.20,14,"Central California"
us,a00041xi,1,"Tuesday, October 19, 2010 20:39:38 UTC",-20.4689,-173.5821,5.5,21.10,157,"Tonga"
us,a00041x8,7,"Tuesday, October 19, 2010 20:17:54 UTC",-43.5178,172.4699,4.0,19.20,14,"South Island of New Zealand"
ci,14864116,4,"Tuesday, October 19, 2010 20:07:18 UTC",36.0367,-117.7743,1.8,3.60,31,"Central California"
ci,14864092,2,"Tuesday, October 19, 2010 19:51:54 UTC",34.1713,-117.2127,1.7,13.10,13,"Greater Los Angeles area, California"
nn,00319065,7,"Tuesday, October 19, 2010 19:36:50 UTC",36.3675,-116.3270,1.6,0.50,16,"Nevada"
nn,00319063,7,"Tuesday, October 19, 2010 19:09:33 UTC",38.7768,-117.0336,1.8,2.00, 7,"Nevada"
ak,10103818,1,"Tuesday, October 19, 2010 19:01:48 UTC",63.2048,-150.0133,1.4,120.40,15,"Central Alaska"
us,a00041w3,4,"Tuesday, October 19, 2010 18:48:03 UTC",-4.8819,133.6080,4.8,23.90,24,"near the south coast of Papua, Indonesia"
nc,71476311,0,"Tuesday, October 19, 2010 18:46:47 UTC",38.7947,-122.7583,1.2,2.60,17,"Northern California"
nc,71476291,2,"Tuesday, October 19, 2010 18:04:39 UTC",36.5957,-121.1112,1.3,7.60,23,"Central California"
nc,71476271,0,"Tuesday, October 19, 2010 17:57:13 UTC",38.8393,-122.7727,1.2,2.20,12,"Northern California"
nc,71476281,0,"Tuesday, October 19, 2010 17:56:42 UTC",38.8385,-122.7892,1.2,1.10,14,"Northern California"
us,a00041vl,6,"Tuesday, October 19, 2010 17:53:17 UTC",35.2286,-97.4339,2.8,10.90,29,"Oklahoma City urban area, Oklahoma"
nc,71476251,2,"Tuesday, October 19, 2010 17:53:01 UTC",38.8385,-122.7883,1.7,1.60,14,"Northern California"
nc,71476241,2,"Tuesday, October 19, 2010 17:51:48 UTC",38.8502,-122.7962,3.4,0.00,56,"Northern California"
nc,71476236,0,"Tuesday, October 19, 2010 17:48:31 UTC",38.8262,-122.7965,1.2,2.40,17,"Northern California"
nc,71476231,3,"Tuesday, October 19, 2010 17:39:33 UTC",36.8135,-121.5330,2.6,3.90,73,"Central California"
nn,00319060,7,"Tuesday, October 19, 2010 17:35:46 UTC",37.3875,-117.6555,1.6,7.00, 6,"Nevada"
ak,10103782,1,"Tuesday, October 19, 2010 17:32:27 UTC",60.5784,-150.5696,1.9,51.00, 9,"Kenai Peninsula, Alaska"
ci,14864004,2,"Tuesday, October 19, 2010 17:31:08 UTC",34.1367,-116.7152,1.5,9.00,51,"Southern California"
nc,71476226,2,"Tuesday, October 19, 2010 17:29:44 UTC",38.5233,-122.6067,1.4,4.30,14,"Northern California"
nn,00319059,7,"Tuesday, October 19, 2010 16:55:06 UTC",36.0508,-114.7547,1.7,4.00, 8,"Nevada"
ak,10103758,1,"Tuesday, October 19, 2010 16:42:07 UTC",63.5417,-147.3328,2.0,0.00,16,"Central Alaska"
ak,10103740,1,"Tuesday, October 19, 2010 16:24:46 UTC",62.5401,-150.8192,2.1,71.70,25,"Central Alaska"
ci,14863964,2,"Tuesday, October 19, 2010 16:22:45 UTC",34.7980,-116.3308,1.6,4.30,18,"Southern California"
ak,10103732,1,"Tuesday, October 19, 2010 16:17:44 UTC",59.4607,-151.8773,3.2,35.10,59,"Kenai Peninsula, Alaska"
ci,14863940,2,"Tuesday, October 19, 2010 16:07:51 UTC",36.0398,-118.0293,1.9,9.50,19,"Central California"
nn,00319057,7,"Tuesday, October 19, 2010 15:56:38 UTC",37.1655,-117.3170,1.0,10.50, 5,"Nevada"
ci,14863932,4,"Tuesday, October 19, 2010 15:49:20 UTC",32.3597,-115.2188,3.1,14.00,16,"Baja California, Mexico"
ak,10103724,2,"Tuesday, October 19, 2010 15:43:16 UTC",51.7296,-177.3815,2.3,106.70,10,"Andreanof Islands, Aleutian Islands, Alaska"
nn,00319052,7,"Tuesday, October 19, 2010 15:36:04 UTC",37.6463,-114.6440,1.8,4.10, 8,"Nevada"
ak,10103713,1,"Tuesday, October 19, 2010 15:25:14 UTC",61.4612,-146.5286,1.7,29.60,10,"Southern Alaska"
ci,14863900,4,"Tuesday, October 19, 2010 15:11:23 UTC",32.2340,-115.3615,2.5,5.90,11,"Baja California, Mexico"
pr,10292005,0,"Tuesday, October 19, 2010 13:55:20 UTC",18.2569,-64.9440,2.4,31.00, 5,"Virgin Islands region"
ci,14863804,2,"Tuesday, October 19, 2010 12:50:41 UTC",35.3292,-117.4843,1.4,10.00,26,"Southern California"
ci,14863796,2,"Tuesday, October 19, 2010 12:46:30 UTC",35.7358,-117.4172,1.4,21.70,10,"Southern California"
nc,71476126,2,"Tuesday, October 19, 2010 12:25:55 UTC",37.4095,-121.7560,1.1,6.50,16,"San Francisco Bay area, California"
ci,14863764,4,"Tuesday, October 19, 2010 12:25:41 UTC",32.3573,-115.1723,2.1,14.30,11,"Baja California, Mexico"
ci,14863740,2,"Tuesday, October 19, 2010 12:17:03 UTC",36.0358,-117.7743,2.0,2.40,31,"Central California"
ci,14863732,2,"Tuesday, October 19, 2010 12:16:45 UTC",36.0323,-117.7718,2.0,2.40,18,"Central California"
pr,10292004,0,"Tuesday, October 19, 2010 12:00:23 UTC",19.1499,-66.4199,2.6,26.20, 7,"Puerto Rico region"
nc,71476121,2,"Tuesday, October 19, 2010 11:57:19 UTC",41.8817,-122.2733,1.8,15.10,16,"Northern California"
nc,71476151,2,"Tuesday, October 19, 2010 11:43:26 UTC",37.6855,-119.3757,1.3,19.30,13,"Central California"
nc,71476111,1,"Tuesday, October 19, 2010 11:42:56 UTC",38.8492,-122.8192,1.6,2.30,25,"Northern California"
pr,10292003,0,"Tuesday, October 19, 2010 11:30:58 UTC",18.1849,-67.2819,2.4,18.40,15,"Mona Passage, Puerto Rico"
nc,71476086,1,"Tuesday, October 19, 2010 11:23:51 UTC",38.8233,-122.8055,1.1,3.20,24,"Northern California"
nc,71476091,2,"Tuesday, October 19, 2010 11:23:51 UTC",38.8245,-122.8063,1.2,3.10,36,"Northern California"
nc,71476076,3,"Tuesday, October 19, 2010 11:06:08 UTC",38.8253,-122.8055,2.0,3.20,57,"Northern California"
us,a00041sf,6,"Tuesday, October 19, 2010 10:58:17 UTC",-19.7732,-173.1263,5.0,10.00,25,"Tonga"
nc,71476071,0,"Tuesday, October 19, 2010 10:56:48 UTC",38.7858,-122.7745,1.3,0.40,13,"Northern California"
nn,00319018,7,"Tuesday, October 19, 2010 10:24:38 UTC",37.0863,-116.9867,1.1,13.10,12,"Nevada"
nc,71476061,2,"Tuesday, October 19, 2010 10:17:05 UTC",36.8138,-121.5380,1.0,3.30,27,"Central California"
hv,60185496,1,"Tuesday, October 19, 2010 10:13:34 UTC",19.2267,-155.2563,2.1,31.00,28,"Island of Hawaii, Hawaii"
us,a00041s9,6,"Tuesday, October 19, 2010 10:06:13 UTC",55.1409,160.2500,5.0,39.80,94,"Kamchatka Peninsula, Russia"
nn,00319013,7,"Tuesday, October 19, 2010 10:05:54 UTC",37.1026,-116.9832,1.1,9.60,10,"Nevada"
nc,71476051,1,"Tuesday, October 19, 2010 09:33:13 UTC",38.8118,-122.7945,1.3,3.30,27,"Northern California"
nn,00319010,7,"Tuesday, October 19, 2010 09:07:31 UTC",37.1613,-117.3721,1.8,10.50, 9,"Nevada"
nc,71476046,3,"Tuesday, October 19, 2010 09:01:41 UTC",36.8127,-121.5370,1.7,4.10,59,"Central California"
ak,10103653,1,"Tuesday, October 19, 2010 09:01:33 UTC",58.8589,-142.7865,2.9,15.10,23,"Gulf of Alaska"
nc,71476041,3,"Tuesday, October 19, 2010 08:59:39 UTC",36.8143,-121.5357,1.9,3.70,55,"Central California"
nc,71476036,3,"Tuesday, October 19, 2010 08:55:39 UTC",35.3123,-120.3105,3.0,8.80,77,"Central California"
nm,101910a,A,"Tuesday, October 19, 2010 08:55:24 UTC",35.3165,-92.2992,2.6,3.60,10,"Arkansas"
ci,14863548,4,"Tuesday, October 19, 2010 08:55:00 UTC",34.0207,-117.1178,1.2,15.70,43,"Greater Los Angeles area, California"
ak,10103639,1,"Tuesday, October 19, 2010 08:52:13 UTC",60.5979,-140.5698,1.8,4.70, 9,"Southern Yukon Territory, Canada"
pr,10292002,0,"Tuesday, October 19, 2010 08:50:58 UTC",17.9990,-68.1949,3.1,68.10,14,"Dominican Republic region"
nc,71476031,0,"Tuesday, October 19, 2010 08:49:57 UTC",38.8127,-122.7967,1.0,3.40,15,"Northern California"
ak,10103635,1,"Tuesday, October 19, 2010 08:47:03 UTC",60.8364,-147.4829,1.8,20.70,16,"Southern Alaska"
ci,14863532,4,"Tuesday, October 19, 2010 08:36:59 UTC",32.0510,-115.1330,2.8,10.00,11,"Baja California, Mexico"
ci,14863508,4,"Tuesday, October 19, 2010 08:24:17 UTC",34.6548,-116.2865,1.8,8.10,37,"Southern California"
nn,00319005,7,"Tuesday, October 19, 2010 08:23:56 UTC",37.1596,-117.3739,1.4,10.90, 7,"Nevada"
ak,10103621,1,"Tuesday, October 19, 2010 08:09:35 UTC",61.6999,-148.1251,2.1,26.30,31,"Southern Alaska"
us,a00041qr,4,"Tuesday, October 19, 2010 08:06:51 UTC",-63.6401,-166.9933,5.0,10.00,22,"Pacific-Antarctic Ridge"
ak,10103618,1,"Tuesday, October 19, 2010 08:02:30 UTC",60.3020,-150.6926,1.6,39.80,11,"Kenai Peninsula, Alaska"
ak,10103617,1,"Tuesday, October 19, 2010 07:55:52 UTC",62.8749,-148.4631,1.9,61.60, 9,"Central Alaska"
ci,14863460,2,"Tuesday, October 19, 2010 07:55:41 UTC",32.5355,-115.7020,1.7,2.50,21,"Baja California, Mexico"
ak,10103610,1,"Tuesday, October 19, 2010 07:27:50 UTC",63.5546,-147.5739,1.8,0.00,19,"Central Alaska"
nm,101910f,A,"Tuesday, October 19, 2010 06:58:42 UTC",35.3139,-92.3165,2.2,2.90, 7,"Arkansas"
ci,14863444,4,"Tuesday, October 19, 2010 06:55:04 UTC",33.9518,-116.5320,1.0,12.20,37,"Southern California"
nm,101910e,A,"Tuesday, October 19, 2010 06:52:38 UTC",35.2921,-92.3337,2.4,3.10, 8,"Arkansas"
ak,10103596,1,"Tuesday, October 19, 2010 06:40:44 UTC",61.3000,-147.5698,2.5,12.20,36,"Southern Alaska"
ak,10103592,1,"Tuesday, October 19, 2010 06:24:27 UTC",62.1396,-152.0648,1.9,108.00,17,"Central Alaska"
nm,101910d,A,"Tuesday, October 19, 2010 05:40:07 UTC",35.2900,-92.3328,2.3,2.80, 7,"Arkansas"
pr,10292001,0,"Tuesday, October 19, 2010 05:22:18 UTC",18.2229,-67.8099,3.3,138.00, 9,"Mona Passage, Puerto Rico"
uw,10190513,1,"Tuesday, October 19, 2010 05:13:06 UTC",46.2215,-119.5810,2.1,17.20,30,"Washington"
nc,71476176,2,"Tuesday, October 19, 2010 05:06:00 UTC",41.0902,-121.6455,1.3,10.30,15,"Northern California"
ci,10169146,2,"Tuesday, October 19, 2010 05:02:28 UTC",32.5698,-115.7645,1.2,4.70,10,"Baja California, Mexico"
ci,14863380,3,"Tuesday, October 19, 2010 05:02:15 UTC",33.2263,-115.7022,1.1,3.70,32,"Southern California"
ci,14863364,3,"Tuesday, October 19, 2010 04:34:20 UTC",36.0340,-117.7688,1.9,3.30,15,"Central California"
ci,14863356,4,"Tuesday, October 19, 2010 04:31:26 UTC",33.8503,-116.5267,1.0,14.20,52,"Southern California"
ci,10169142,2,"Tuesday, October 19, 2010 04:31:07 UTC",33.8483,-116.5175,1.1,15.60,33,"Southern California"
nc,71476001,2,"Tuesday, October 19, 2010 04:12:02 UTC",37.4755,-118.8405,1.2,5.40,27,"Central California"
nm,101910c,A,"Tuesday, October 19, 2010 04:05:26 UTC",35.3133,-92.3140,2.1,2.30, 7,"Arkansas"
nm,101910b,A,"Tuesday, October 19, 2010 03:59:00 UTC",35.3180,-92.2982,2.5,3.80, 8,"Arkansas"
us,a00041p4,5,"Tuesday, October 19, 2010 03:56:56 UTC",19.2978,-68.1564,4.0,22.00,35,"Dominican Republic region"
ak,10103576,2,"Tuesday, October 19, 2010 03:47:56 UTC",51.8415,-173.9198,2.1,10.00, 5,"Andreanof Islands, Aleutian Islands, Alaska"
ci,14863332,5,"Tuesday, October 19, 2010 03:36:33 UTC",33.1553,-115.6560,1.3,0.70,25,"Southern California"
ci,14863316,4,"Tuesday, October 19, 2010 03:27:44 UTC",33.1548,-115.6610,1.5,1.40,26,"Southern California"
nc,71475981,0,"Tuesday, October 19, 2010 03:00:08 UTC",38.9153,-122.9102,1.2,5.40,10,"Northern California"
ci,14863284,4,"Tuesday, October 19, 2010 02:41:51 UTC",32.2935,-115.4313,2.3,10.00,14,"Baja California, Mexico"
ci,14863260,4,"Tuesday, October 19, 2010 02:19:40 UTC",33.6573,-116.7753,1.1,15.80,44,"Southern California"
ci,36880759,2,"Tuesday, October 19, 2010 02:11:53 UTC",33.2233,-115.9717,1.0,9.80,16,"Southern California"
ak,10103457,1,"Tuesday, October 19, 2010 01:37:42 UTC",62.2099,-145.7598,1.9,19.50, 7,"Central Alaska"
nc,71476161,2,"Tuesday, October 19, 2010 01:36:09 UTC",37.6790,-119.3603,1.4,21.50,10,"Central California"
ak,10103454,1,"Tuesday, October 19, 2010 01:32:52 UTC",60.6570,-143.1240,1.8,0.00,13,"Southern Alaska"
ci,14863236,4,"Tuesday, October 19, 2010 01:15:19 UTC",32.6335,-115.6682,1.4,11.90,16,"Baja California, Mexico"
us,a00041my,6,"Tuesday, October 19, 2010 00:38:29 UTC",47.4185,11.6078,3.9,14.50,22,"Austria"
us,a00041mx,6,"Tuesday, October 19, 2010 00:24:05 UTC",-41.3012,-90.3446,5.0,10.60,57,"southeast of Easter Island"
ci,14863204,4,"Tuesday, October 19, 2010 00:04:02 UTC",33.1848,-115.6040,2.7,1.60,55,"Southern California"
ci,14863180,4,"Monday, October 18, 2010 23:57:06 UTC",34.0062,-116.8547,1.0,20.40,33,"Southern California"
nc,71475956,2,"Monday, October 18, 2010 23:50:01 UTC",36.5177,-121.0997,1.0,4.80,14,"Central California"
nc,71475951,2,"Monday, October 18, 2010 23:43:50 UTC",36.5582,-121.1568,1.3,7.90,28,"Central California"
nc,71475946,2,"Monday, October 18, 2010 23:39:33 UTC",37.9932,-118.7260,1.3,7.00,11,"Central California"
nn,00318950,7,"Monday, October 18, 2010 23:35:20 UTC",36.8627,-117.4962,1.0,2.90,10,"Central California"
ci,14863164,6,"Monday, October 18, 2010 23:29:01 UTC",32.6887,-115.8822,1.5,5.70,23,"Southern California"
nc,71475936,2,"Monday, October 18, 2010 23:15:44 UTC",40.4130,-122.1525,1.2,11.70,10,"Northern California"
us,a00041mb,6,"Monday, October 18, 2010 23:13:14 UTC",-3.6220,101.3927,4.7,62.40,30,"southern Sumatra, Indonesia"
ci,14863156,4,"Monday, October 18, 2010 22:52:13 UTC",35.9627,-117.6577,1.2,3.60,23,"Central California"
us,b00004bs,4,"Monday, October 18, 2010 22:32:13 UTC",-43.6300,172.5600,4.7,9.00, 0,"South Island of New Zealand"
ak,10103291,1,"Monday, October 18, 2010 22:29:32 UTC",62.5080,-151.3975,1.8,103.80, 8,"Central Alaska"
nc,71475916,1,"Monday, October 18, 2010 22:22:46 UTC",38.8068,-122.7965,1.4,4.10,30,"Northern California"
uw,10182210,1,"Monday, October 18, 2010 22:10:33 UTC",47.1981,-120.9591,2.2,2.40,38,"Washington"
nc,71475906,2,"Monday, October 18, 2010 21:55:32 UTC",35.6072,-120.8660,1.1,8.60,16,"Central California"
nc,71475896,2,"Monday, October 18, 2010 21:39:43 UTC",39.1815,-123.1233,1.4,2.70,12,"Northern California"
nn,00318946,7,"Monday, October 18, 2010 21:18:51 UTC",39.2810,-118.5762,1.4,21.30, 6,"Nevada"
pr,10291004,0,"Monday, October 18, 2010 21:11:35 UTC",18.6840,-66.3209,2.6,65.00, 7,"Puerto Rico region"
nc,71475876,4,"Monday, October 18, 2010 21:01:24 UTC",36.5457,-121.1345,1.0,2.80,10,"Central California"
ci,14863140,4,"Monday, October 18, 2010 20:56:19 UTC",32.7398,-115.8262,1.5,4.70,29,"Southern California"
nc,71475871,4,"Monday, October 18, 2010 20:41:41 UTC",37.6288,-119.0527,1.7,3.40,32,"Central California"
hv,60185371,1,"Monday, October 18, 2010 20:32:17 UTC",19.5403,-155.9462,2.0,37.80,21,"Island of Hawaii, Hawaii"
ak,10103212,1,"Monday, October 18, 2010 20:22:14 UTC",61.6251,-146.3311,2.2,21.60,23,"Southern Alaska"
nc,71475846,0,"Monday, October 18, 2010 20:12:31 UTC",38.7715,-122.7360,1.4,2.50,17,"Northern California"
ak,10103208,1,"Monday, October 18, 2010 20:11:54 UTC",62.3420,-149.9867,1.7,7.20, 8,"Central Alaska"
ci,14863124,6,"Monday, October 18, 2010 20:08:19 UTC",32.1885,-115.3578,2.1,6.00,12,"Baja California, Mexico"
ci,14863100,3,"Monday, October 18, 2010 19:35:16 UTC",35.0410,-117.6757,1.2,0.00,13,"Southern California"
nc,71475836,0,"Monday, October 18, 2010 19:23:31 UTC",38.7058,-122.6867,1.3,14.20, 7,"Northern California"
ci,14863092,4,"Monday, October 18, 2010 19:20:30 UTC",34.4275,-119.3467,1.7,11.40,30,"Southern California"
nm,101810e,A,"Monday, October 18, 2010 18:25:05 UTC",35.3101,-92.3130,2.1,3.20, 7,"Arkansas"
ci,14863076,4,"Monday, October 18, 2010 18:03:32 UTC",36.0615,-117.5862,1.6,1.60,32,"Central California"
ak,10102983,1,"Monday, October 18, 2010 17:56:57 UTC",60.5350,-143.3833,2.2,12.00,20,"Southern Alaska"
ak,10102964,1,"Monday, October 18, 2010 17:30:07 UTC",61.9392,-148.5127,2.0,18.30,11,"Southern Alaska"
ak,10102956,1,"Monday, October 18, 2010 17:28:09 UTC",62.9448,-151.0856,1.8,125.10,11,"Central Alaska"
ci,14863060,3,"Monday, October 18, 2010 17:22:32 UTC",33.0648,-114.9457,1.7,0.00, 8,"Southern California"
nm,101810f,A,"Monday, October 18, 2010 17:19:44 UTC",36.2526,-89.4537,1.5,6.60,11,"Tennessee"
ci,14863044,3,"Monday, October 18, 2010 17:14:34 UTC",32.9442,-115.5312,2.0,14.50,29,"Southern California"
nc,71475776,0,"Monday, October 18, 2010 16:41:22 UTC",38.8122,-122.7917,1.1,2.90,16,"Northern California"
ci,14863028,4,"Monday, October 18, 2010 16:40:37 UTC",32.6918,-115.9017,1.2,4.10,19,"Southern California"
ak,10102929,1,"Monday, October 18, 2010 16:38:33 UTC",60.8018,-146.8273,2.0,23.10,17,"Southern Alaska"
ci,14863020,4,"Monday, October 18, 2010 16:24:31 UTC",33.8198,-117.6763,1.3,9.10,31,"Greater Los Angeles area, California"
ci,14863012,4,"Monday, October 18, 2010 16:10:27 UTC",33.8512,-117.4893,1.5,0.00,24,"Greater Los Angeles area, California"
ak,10102910,1,"Monday, October 18, 2010 15:27:42 UTC",59.8381,-141.2659,2.2,0.10, 9,"Southeastern Alaska"
nc,71475761,5,"Monday, October 18, 2010 15:21:37 UTC",40.7333,-123.9582,3.4,21.20,22,"Northern California"
ci,14862988,5,"Monday, October 18, 2010 14:48:57 UTC",32.2910,-115.3668,2.4,10.00,10,"Baja California, Mexico"
nm,101810b,A,"Monday, October 18, 2010 14:29:30 UTC",35.3118,-92.3030,2.6,5.50, 9,"Arkansas"
ci,14862972,4,"Monday, October 18, 2010 14:20:03 UTC",34.2205,-118.5947,1.3,19.10,22,"Greater Los Angeles area, California"
nm,101810d,A,"Monday, October 18, 2010 13:36:23 UTC",35.3183,-92.2945,2.3,3.60, 8,"Arkansas"
ci,14862956,4,"Monday, October 18, 2010 13:34:40 UTC",32.4092,-115.5045,1.6,14.30,21,"Baja California, Mexico"
nc,71475726,0,"Monday, October 18, 2010 13:28:31 UTC",38.8307,-122.7598,1.0,0.80,10,"Northern California"
ak,10102878,1,"Monday, October 18, 2010 13:26:48 UTC",61.3815,-151.0828,1.5,65.30,13,"Southern Alaska"
nc,71475721,3,"Monday, October 18, 2010 13:25:42 UTC",36.8515,-121.5852,1.5,5.00,50,"Central California"
ci,14862948,4,"Monday, October 18, 2010 13:20:05 UTC",34.3798,-118.6020,1.1,5.00,24,"Greater Los Angeles area, California"
ci,14862940,3,"Monday, October 18, 2010 13:09:17 UTC",32.5747,-115.7142,1.5,4.20,17,"Baja California, Mexico"
nc,71475716,2,"Monday, October 18, 2010 12:56:49 UTC",36.6267,-121.1923,1.5,6.20,23,"Central California"
ci,14862932,4,"Monday, October 18, 2010 12:47:33 UTC",32.5747,-115.7338,1.8,2.70,27,"Baja California, Mexico"
ci,14862908,4,"Monday, October 18, 2010 12:33:22 UTC",32.5883,-115.7387,1.4,3.30,16,"Baja California, Mexico"
ci,14862916,3,"Monday, October 18, 2010 12:32:04 UTC",32.5775,-115.7352,1.6,3.10,16,"Baja California, Mexico"
us,a00041ck,4,"Monday, October 18, 2010 12:11:30 UTC",-6.6019,147.3858,4.5,75.90,24,"eastern New Guinea region, Papua New Guinea"
pr,10291003,0,"Monday, October 18, 2010 12:06:42 UTC",18.1299,-68.0920,2.8,91.80, 5,"Mona Passage, Dominican Republic"
ak,10102866,1,"Monday, October 18, 2010 11:57:27 UTC",59.8916,-151.9369,2.2,19.10, 9,"Kenai Peninsula, Alaska"
ci,14862900,3,"Monday, October 18, 2010 11:51:40 UTC",32.5592,-115.7220,1.3,2.90,13,"Baja California, Mexico"
ci,14862892,4,"Monday, October 18, 2010 11:50:59 UTC",32.5755,-115.7293,1.4,3.30,17,"Baja California, Mexico"
ak,10102860,1,"Monday, October 18, 2010 11:49:33 UTC",60.2643,-152.2173,2.6,75.90,40,"Southern Alaska"
ci,36880599,4,"Monday, October 18, 2010 11:43:26 UTC",32.2430,-115.3865,2.9,3.70,17,"Baja California, Mexico"
ci,14862884,6,"Monday, October 18, 2010 11:42:56 UTC",32.2552,-115.3630,3.2,7.50,19,"Baja California, Mexico"
ci,14862860,5,"Monday, October 18, 2010 11:42:02 UTC",32.5647,-115.7217,3.2,7.70,37,"Baja California, Mexico"
ci,36880679,2,"Monday, October 18, 2010 11:42:00 UTC",32.5900,-115.7422,2.5,5.70, 9,"Baja California, Mexico"
nm,101810c,A,"Monday, October 18, 2010 11:26:28 UTC",35.2873,-92.3350,2.4,3.80,11,"Arkansas"
ci,14862748,5,"Monday, October 18, 2010 10:44:18 UTC",32.6618,-115.9448,1.3,7.40,26,"Southern California"
nc,71475676,3,"Monday, October 18, 2010 10:39:03 UTC",38.8355,-122.7745,1.8,2.80,59,"Northern California"
ak,10102850,1,"Monday, October 18, 2010 10:38:52 UTC",64.8550,-148.7886,1.2,18.10, 8,"Central Alaska"
mb,10423174,2,"Monday, October 18, 2010 10:16:24 UTC",44.4820,-114.5551,2.0,11.00,18,"southern Idaho"
mb,10897023,2,"Monday, October 18, 2010 09:47:49 UTC",44.4769,-114.5521,1.8,10.20,14,"southern Idaho"
nc,71475656,1,"Monday, October 18, 2010 09:28:40 UTC",38.8443,-122.8263,1.7,1.50,28,"Northern California"
nc,71475646,1,"Monday, October 18, 2010 09:22:26 UTC",38.8108,-122.8153,1.8,2.70,27,"Northern California"
us,a00041bf,7,"Monday, October 18, 2010 09:09:45 UTC",-21.9039,-175.3517,4.8,46.90,54,"Tonga"
mb,10654719,2,"Monday, October 18, 2010 08:52:45 UTC",44.4676,-114.5386,3.2,14.70,48,"southern Idaho"
pr,10291002,0,"Monday, October 18, 2010 08:34:39 UTC",18.0800,-65.4564,2.4,43.90, 3,"Puerto Rico region"
mb,10633948,2,"Monday, October 18, 2010 08:05:25 UTC",43.0671,-110.8393,2.4,11.10,23,"Wyoming"
us,a00041b6,7,"Monday, October 18, 2010 08:02:17 UTC",-6.5809,153.6424,5.1,41.20,36,"New Britain region, Papua New Guinea"
nc,71475631,2,"Monday, October 18, 2010 07:57:58 UTC",38.8290,-122.7783,2.2,1.80,71,"Northern California"
nc,71475626,3,"Monday, October 18, 2010 07:57:49 UTC",38.8323,-122.7760,1.6,2.80,41,"Northern California"
pr,10291001,0,"Monday, October 18, 2010 07:45:02 UTC",18.8670,-65.8386,3.2,131.10, 8,"Puerto Rico region"
uu,10180706,2,"Monday, October 18, 2010 07:06:56 UTC",39.9357,-111.9713,1.4,6.20,13,"Utah"
uu,10180657,2,"Monday, October 18, 2010 06:57:00 UTC",41.8788,-112.5527,1.0,7.80,21,"Utah"
nc,71475616,0,"Monday, October 18, 2010 06:48:57 UTC",38.8210,-122.7927,1.1,3.10,14,"Northern California"
nn,00318872,7,"Monday, October 18, 2010 06:41:00 UTC",37.9008,-118.7757,2.2,16.50, 7,"Central California"
nc,71475611,2,"Monday, October 18, 2010 06:40:40 UTC",39.3112,-122.8170,1.8,9.10,27,"Northern California"
ci,14862708,4,"Monday, October 18, 2010 06:39:27 UTC",33.0020,-116.3417,1.0,10.20,33,"Southern California"
ak,10102815,1,"Monday, October 18, 2010 06:18:06 UTC",61.7195,-146.7290,2.0,25.90,11,"Southern Alaska"
uw,10180605,1,"Monday, October 18, 2010 06:05:15 UTC",46.2560,-122.2848,1.0,10.00,27,"Washington"
ci,14862692,4,"Monday, October 18, 2010 05:18:11 UTC",33.3265,-116.4020,2.1,10.30,81,"Southern California"
nn,00318863,7,"Monday, October 18, 2010 05:16:43 UTC",37.2530,-117.6037,1.1,4.20, 5,"Central California"
ak,10102801,1,"Monday, October 18, 2010 04:58:58 UTC",61.1303,-150.2542,1.8,37.80, 9,"Southern Alaska"
pr,10291000,0,"Monday, October 18, 2010 04:37:14 UTC",17.8349,-65.9169,1.6,30.70, 5,"Puerto Rico region"
ne,00001207,a,"Monday, October 18, 2010 04:29:55 UTC",44.3105,-72.3646,1.3,0.00,14,"Vermont"
nn,00318852,7,"Monday, October 18, 2010 04:19:32 UTC",37.1560,-117.3832,1.2,8.00,11,"Nevada"
nc,71475591,3,"Monday, October 18, 2010 03:44:43 UTC",39.3407,-120.0893,3.1,0.00,76,"Northern California"
nm,101810a,A,"Monday, October 18, 2010 03:14:42 UTC",35.2881,-92.3335,2.2,3.30, 7,"Arkansas"
ci,14862676,4,"Monday, October 18, 2010 03:05:39 UTC",33.4933,-115.8470,1.6,12.70,51,"Southern California"
ci,14862668,4,"Monday, October 18, 2010 03:02:35 UTC",33.4993,-115.8505,1.3,12.70,35,"Southern California"
ci,14862660,4,"Monday, October 18, 2010 02:55:49 UTC",33.1497,-116.4697,1.6,11.40,47,"Southern California"
ci,14862620,4,"Monday, October 18, 2010 02:46:23 UTC",36.0803,-117.8867,1.4,6.40,31,"Central California"
nc,71475586,2,"Monday, October 18, 2010 02:29:44 UTC",39.1868,-123.0602,1.5,6.40,15,"Northern California"
nc,71475571,2,"Monday, October 18, 2010 02:24:59 UTC",39.1850,-123.0590,1.9,7.40,31,"Northern California"
ci,14862612,4,"Monday, October 18, 2010 02:07:42 UTC",34.0067,-116.8592,1.4,20.10,59,"Southern California"
ne,00001206,a,"Monday, October 18, 2010 01:58:21 UTC",47.6230,-69.8416,2.7,5.20, 6,"St. Lawrence Valley region, Quebec, Canada"
us,a00041a5,8,"Monday, October 18, 2010 01:46:15 UTC",-18.7662,-177.3999,4.9,620.10,29,"Fiji region"
ci,14862596,2,"Monday, October 18, 2010 01:16:19 UTC",35.2793,-117.6720,1.4,9.50,10,"Southern California"
ci,14862588,2,"Monday, October 18, 2010 01:02:58 UTC",34.0377,-117.2255,1.2,15.00,24,"Greater Los Angeles area, California"
ci,14862572,4,"Monday, October 18, 2010 00:45:03 UTC",33.1133,-116.4580,1.0,11.50,38,"Southern California"
ci,14862564,4,"Monday, October 18, 2010 00:17:46 UTC",31.1350,-115.6287,3.4,6.00, 8,"Baja California, Mexico"
nc,71475556,0,"Monday, October 18, 2010 00:10:38 UTC",38.8113,-122.7953,1.1,3.20,20,"Northern California"
nc,71475551,0,"Sunday, October 17, 2010 23:55:17 UTC",37.9718,-122.4147,1.9,11.30, 7,"San Pablo Bay, California"
ci,14862556,4,"Sunday, October 17, 2010 23:44:53 UTC",34.0397,-117.5647,1.4,9.60,46,"Greater Los Angeles area, California"
uu,10172342,2,"Sunday, October 17, 2010 23:42:50 UTC",44.4918,-110.4647,1.1,3.00,13,"Yellowstone National Park, Wyoming"
uu,10172339,2,"Sunday, October 17, 2010 23:39:05 UTC",39.0110,-111.3713,1.5,12.00,13,"Utah"
ci,14862540,2,"Sunday, October 17, 2010 22:59:26 UTC",35.0370,-117.6762,1.2,0.00,15,"Southern California"
ci,14862524,4,"Sunday, October 17, 2010 22:42:00 UTC",35.9637,-117.6565,1.5,4.10,22,"Central California"
nc,71475536,0,"Sunday, October 17, 2010 22:27:51 UTC",38.7500,-122.7100,1.1,1.00, 9,"Northern California"
pr,10290009,0,"Sunday, October 17, 2010 22:00:08 UTC",17.8540,-66.5400,1.7,2.00, 7,"Puerto Rico region"
ak,10102750,1,"Sunday, October 17, 2010 21:55:37 UTC",64.6142,-150.1489,2.7,0.00,17,"Central Alaska"
ak,10102749,1,"Sunday, October 17, 2010 21:54:42 UTC",64.5636,-150.0119,1.9,11.40,12,"Central Alaska"
us,a0004192,9,"Sunday, October 17, 2010 21:49:39 UTC",27.9694,104.1218,5.0,13.50,82,"Sichuan-Yunnan-Guizhou region, China"
nc,71475516,0,"Sunday, October 17, 2010 21:49:27 UTC",38.7812,-122.7370,1.1,3.30,12,"Northern California"
ci,14862468,4,"Sunday, October 17, 2010 21:22:06 UTC",33.2745,-116.7768,1.6,14.30,53,"Southern California"
us,a0004152,5,"Sunday, October 17, 2010 21:21:04 UTC",6.1629,94.4998,4.6,90.60,17,"Nicobar Islands, India region"
nc,71475501,0,"Sunday, October 17, 2010 21:16:01 UTC",38.7502,-122.7085,1.5,1.10,10,"Northern California"
ci,14862460,4,"Sunday, October 17, 2010 21:09:22 UTC",32.8832,-115.9667,1.4,8.50,33,"Southern California"
nc,71475496,2,"Sunday, October 17, 2010 21:06:23 UTC",35.7288,-121.1013,1.0,5.10,12,"Central California"
nc,71475491,2,"Sunday, October 17, 2010 20:52:08 UTC",37.6220,-118.8135,1.2,7.70,28,"Long Valley area, California"
nc,71475486,3,"Sunday, October 17, 2010 20:38:19 UTC",38.7962,-122.7395,2.0,2.10,61,"Northern California"
us,a0004149,9,"Sunday, October 17, 2010 20:28:22 UTC",-43.6166,172.4058,4.4,8.50, 0,"South Island of New Zealand"
ci,14862428,4,"Sunday, October 17, 2010 20:16:39 UTC",32.2507,-115.3365,1.7,10.00, 7,"Baja California, Mexico"
us,a0004147,6,"Sunday, October 17, 2010 20:11:20 UTC",28.5347,85.6682,4.9,52.60,59,"Xizang-Nepal border region"
nc,71475471,2,"Sunday, October 17, 2010 19:57:15 UTC",40.8863,-122.4192,1.9,14.30,14,"Northern California"
nm,101710d,A,"Sunday, October 17, 2010 19:31:14 UTC",35.3095,-92.3117,2.2,4.50, 7,"Arkansas"
nc,71475456,2,"Sunday, October 17, 2010 19:24:48 UTC",39.5670,-123.3958,1.6,7.60,13,"Northern California"
nc,71475811,2,"Sunday, October 17, 2010 19:03:34 UTC",37.6728,-119.3778,1.2,19.40,12,"Central California"
nc,71475446,2,"Sunday, October 17, 2010 18:59:33 UTC",37.3822,-121.7383,1.0,6.70,22,"San Francisco Bay area, California"
ci,14862404,4,"Sunday, October 17, 2010 18:56:55 UTC",33.2028,-116.3870,1.1,15.30,34,"Southern California"
nc,71475436,1,"Sunday, October 17, 2010 18:45:49 UTC",38.8203,-122.8123,1.3,3.50,26,"Northern California"
ci,14862396,4,"Sunday, October 17, 2010 18:39:39 UTC",33.1752,-116.1287,1.3,10.50,38,"Southern California"
hv,60185171,1,"Sunday, October 17, 2010 18:28:28 UTC",19.1830,-155.5240,2.1,40.50,13,"Island of Hawaii, Hawaii"
nm,101710c,A,"Sunday, October 17, 2010 18:23:06 UTC",35.2838,-92.3268,2.2,5.30, 7,"Arkansas"
us,a000412x,7,"Sunday, October 17, 2010 17:55:05 UTC",39.3198,20.6265,4.8,16.20,115,"Greece"
ak,10102719,1,"Sunday, October 17, 2010 17:51:22 UTC",61.6767,-147.6940,2.4,22.40,35,"Southern Alaska"
ci,36880439,4,"Sunday, October 17, 2010 17:50:13 UTC",33.4000,-116.3895,1.2,5.70,30,"Southern California"
ci,14862380,6,"Sunday, October 17, 2010 17:50:03 UTC",32.7587,-116.0440,1.8,8.40,31,"Southern California"
pr,10290008,0,"Sunday, October 17, 2010 17:11:11 UTC",18.0990,-66.1920,2.1,14.80,10,"Puerto Rico"
nc,71475391,0,"Sunday, October 17, 2010 16:27:48 UTC",38.8317,-122.8632,1.0,1.60,14,"Northern California"
us,2010cma9,Q,"Sunday, October 17, 2010 16:25:01 UTC",-0.5245,149.1337,4.9,88.20,20,"New Ireland region, Papua New Guinea"
nc,71475376,0,"Sunday, October 17, 2010 16:12:22 UTC",38.5975,-122.6988,1.7,3.20,13,"Northern California"
ak,10102706,1,"Sunday, October 17, 2010 15:48:10 UTC",60.3034,-141.3365,2.0,0.00, 8,"Southern Alaska"
uu,10171547,2,"Sunday, October 17, 2010 15:47:51 UTC",39.7350,-110.8558,1.4,2.90,11,"Utah"
nn,00318807,7,"Sunday, October 17, 2010 15:42:47 UTC",37.1440,-117.3843,1.2,13.40,12,"Nevada"
nc,71475366,7,"Sunday, October 17, 2010 15:17:53 UTC",36.6432,-121.2575,2.2,4.60,62,"Central California"
hv,60185146,1,"Sunday, October 17, 2010 15:14:06 UTC",19.1980,-155.5243,1.9,39.50,23,"Island of Hawaii, Hawaii"
ci,14862332,4,"Sunday, October 17, 2010 15:02:03 UTC",32.5302,-115.6947,2.0,10.00,15,"Baja California, Mexico"
pr,10290006,0,"Sunday, October 17, 2010 14:56:49 UTC",19.0400,-67.6240,2.8,7.00, 8,"Puerto Rico region"
ak,10102695,1,"Sunday, October 17, 2010 14:51:15 UTC",60.4708,-151.5537,2.0,63.90,14,"Kenai Peninsula, Alaska"
pr,10290005,0,"Sunday, October 17, 2010 14:50:50 UTC",18.8400,-67.7149,3.0,30.00,10,"Puerto Rico region"
ci,14862324,4,"Sunday, October 17, 2010 14:41:08 UTC",33.9293,-116.3627,1.5,8.50,42,"Southern California"
ci,14862316,4,"Sunday, October 17, 2010 14:39:09 UTC",32.6248,-115.7750,1.5,3.90,22,"Baja California, Mexico"
ak,10102690,1,"Sunday, October 17, 2010 14:30:15 UTC",63.5350,-147.4262,1.9,11.00, 9,"Central Alaska"
ci,14862308,4,"Sunday, October 17, 2010 14:11:01 UTC",34.2210,-117.0397,1.2,4.30,47,"Southern California"
nc,71475346,2,"Sunday, October 17, 2010 13:39:20 UTC",37.4685,-118.9997,1.5,3.80,34,"Central California"
uu,10171336,2,"Sunday, October 17, 2010 13:36:03 UTC",39.0132,-111.3737,1.4,9.80,10,"Utah"
nc,71475336,0,"Sunday, October 17, 2010 13:12:57 UTC",38.7602,-122.7402,1.3,2.30,17,"Northern California"
uu,10171304,2,"Sunday, October 17, 2010 13:04:20 UTC",39.0125,-111.3697,1.6,5.90,21,"Utah"
ci,14862292,4,"Sunday, October 17, 2010 12:39:01 UTC",34.3412,-116.4648,1.4,7.70,44,"Southern California"
nn,00318800,7,"Sunday, October 17, 2010 12:23:31 UTC",37.1497,-117.3808,2.6,10.10,15,"Nevada"
nc,71475316,2,"Sunday, October 17, 2010 12:13:37 UTC",37.0298,-118.3122,1.7,7.10,20,"Central California"
uw,10171210,1,"Sunday, October 17, 2010 12:10:45 UTC",48.4776,-122.8438,1.3,16.60,29,"San Juan Islands region, Washington"
ci,14862276,4,"Sunday, October 17, 2010 11:59:56 UTC",32.7125,-115.8630,1.3,6.00,24,"Southern California"
ak,10102666,1,"Sunday, October 17, 2010 11:56:58 UTC",59.6838,-152.3331,3.0,54.60,50,"Southern Alaska"
ak,10102665,2,"Sunday, October 17, 2010 11:51:47 UTC",51.2493,-175.1943,3.1,6.90,17,"Andreanof Islands, Aleutian Islands, Alaska"
ci,14862268,4,"Sunday, October 17, 2010 11:50:05 UTC",32.3065,-115.3975,1.6,10.00,11,"Baja California, Mexico"
us,a000411e,3,"Sunday, October 17, 2010 11:49:55 UTC",-45.1111,-76.1531,4.6,27.80,26,"off the coast of Aisen, Chile"
ci,14862260,6,"Sunday, October 17, 2010 11:21:08 UTC",32.1333,-115.2597,2.7,12.40,15,"Baja California, Mexico"
pr,10290007,0,"Sunday, October 17, 2010 11:08:18 UTC",19.2430,-67.4619,2.7,90.00, 5,"Puerto Rico region"
nn,00318794,7,"Sunday, October 17, 2010 10:54:31 UTC",36.7043,-116.3067,1.0,14.80,12,"Nevada"
ci,14862252,4,"Sunday, October 17, 2010 10:36:00 UTC",33.8365,-116.9368,1.3,18.40,66,"Southern California"
ak,10102650,1,"Sunday, October 17, 2010 10:30:39 UTC",60.6235,-147.2516,2.5,18.40,29,"Southern Alaska"
nc,71475286,3,"Sunday, October 17, 2010 10:29:37 UTC",38.8140,-122.7950,1.4,3.50,52,"Northern California"
nc,71045254,2,"Sunday, October 17, 2010 10:23:26 UTC",37.1907,-122.1313,1.4,10.50,18,"Northern California"
nc,71475281,3,"Sunday, October 17, 2010 10:23:05 UTC",37.2043,-122.1257,2.2,14.00,117,"Northern California"
nn,00318792,7,"Sunday, October 17, 2010 10:16:31 UTC",37.1227,-117.3830,2.0,0.70,27,"Central California"
us,a0004115,6,"Sunday, October 17, 2010 10:15:11 UTC",12.9024,92.4062,4.8,39.10,43,"Andaman Islands, India region"
hv,60185101,1,"Sunday, October 17, 2010 10:11:46 UTC",20.1788,-155.7178,2.5,30.80,21,"Hawaii region, Hawaii"
nn,00318791,7,"Sunday, October 17, 2010 10:09:46 UTC",38.7790,-119.6098,1.1,1.00, 7,"Nevada"
pr,10290004,0,"Sunday, October 17, 2010 09:17:56 UTC",18.8229,-67.3158,2.2,10.50, 4,"Puerto Rico region"
nn,00318790,7,"Sunday, October 17, 2010 09:17:35 UTC",37.2617,-117.7432,1.1,10.20, 9,"Central California"
us,a000410y,3,"Sunday, October 17, 2010 09:15:42 UTC",-10.1178,-77.6948,4.9,45.90,14,"near the coast of central Peru"
us,a000410x,7,"Sunday, October 17, 2010 09:15:18 UTC",8.8143,127.2610,4.7,42.70,30,"Philippine Islands region"
ak,10102626,1,"Sunday, October 17, 2010 09:00:36 UTC",63.0000,-150.3207,3.2,104.00,59,"Central Alaska"
uu,10170854,2,"Sunday, October 17, 2010 08:54:16 UTC",38.7055,-112.5090,1.1,1.50,14,"Utah"
ci,14862212,6,"Sunday, October 17, 2010 08:41:30 UTC",32.2150,-115.3390,2.5,10.00,15,"Baja California, Mexico"
us,a000410k,7,"Sunday, October 17, 2010 08:27:51 UTC",-11.7361,-72.2520,5.2,21.10,184,"central Peru"
us,a000410j,7,"Sunday, October 17, 2010 08:19:43 UTC",36.3369,141.0096,4.7,35.00,19,"near the east coast of Honshu, Japan"
ak,10102619,1,"Sunday, October 17, 2010 08:19:17 UTC",60.0432,-152.5224,2.1,77.70,15,"Southern Alaska"
nc,71475231,1,"Sunday, October 17, 2010 08:14:01 UTC",38.7617,-122.7412,1.7,1.80,25,"Northern California"
nc,71475226,3,"Sunday, October 17, 2010 08:13:34 UTC",38.7595,-122.7398,2.0,2.10,55,"Northern California"
nc,71475221,1,"Sunday, October 17, 2010 08:11:52 UTC",38.7583,-122.7410,1.7,2.20,25,"Northern California"
nc,71475206,2,"Sunday, October 17, 2010 07:50:56 UTC",37.7100,-122.5458,1.0,9.00,19,"offshore Northern California"
ci,14862204,4,"Sunday, October 17, 2010 07:47:38 UTC",32.5943,-115.7283,1.6,4.70,24,"Baja California, Mexico"
nc,71475196,0,"Sunday, October 17, 2010 07:32:25 UTC",38.7855,-122.7768,1.1,2.80,19,"Northern California"
nc,71475791,2,"Sunday, October 17, 2010 07:20:30 UTC",37.6542,-119.4547,1.1,8.00, 9,"Central California"
uu,10170702,2,"Sunday, October 17, 2010 07:02:30 UTC",42.0262,-112.6558,1.1,6.80,20,"southern Idaho"
ak,10102601,1,"Sunday, October 17, 2010 06:49:36 UTC",61.2739,-150.9006,2.1,53.70,27,"Southern Alaska"
nm,101710b,A,"Sunday, October 17, 2010 06:41:04 UTC",35.2765,-92.3345,1.8,5.70, 7,"Arkansas"
nm,101710a,A,"Sunday, October 17, 2010 06:40:26 UTC",35.2848,-92.3368,1.4,3.20, 8,"Arkansas"
ak,10102596,1,"Sunday, October 17, 2010 06:18:53 UTC",59.9911,-152.7022,2.1,81.20,12,"Southern Alaska"
ci,14862172,8,"Sunday, October 17, 2010 05:56:36 UTC",32.1160,-115.2298,2.8,16.30,18,"Baja California, Mexico"
us,a00040zz,7,"Sunday, October 17, 2010 05:54:08 UTC",-22.7255,-175.0308,4.8,35.10,69,"Tonga region"
ci,14862164,4,"Sunday, October 17, 2010 05:43:08 UTC",33.1762,-115.6253,1.3,0.10,11,"Southern California"
ci,36880479,4,"Sunday, October 17, 2010 05:42:54 UTC",32.3867,-115.5618,1.2,6.00, 5,"Baja California, Mexico"
ci,14862148,4,"Sunday, October 17, 2010 05:38:25 UTC",33.8153,-116.9075,1.2,13.00,42,"Southern California"
ci,14862140,2,"Sunday, October 17, 2010 05:17:52 UTC",33.9318,-116.8765,1.2,16.00,21,"Southern California"
ci,14862132,4,"Sunday, October 17, 2010 05:17:10 UTC",34.2908,-118.6288,1.2,12.50,14,"Greater Los Angeles area, California"
uw,10170458,1,"Sunday, October 17, 2010 04:58:07 UTC",47.5158,-122.3229,1.8,26.20,50,"Seattle-Tacoma urban area, Washington"
ci,14862116,6,"Sunday, October 17, 2010 04:56:57 UTC",32.0880,-115.2448,3.4,14.50,15,"Baja California, Mexico"
ci,14862100,6,"Sunday, October 17, 2010 04:44:16 UTC",32.1403,-115.1563,2.5,10.00,11,"Baja California, Mexico"
ak,10102583,1,"Sunday, October 17, 2010 04:38:25 UTC",61.5961,-150.8812,2.9,53.00,53,"Southern Alaska"
uu,10170405,2,"Sunday, October 17, 2010 04:05:03 UTC",37.0770,-111.8402,2.1,1.00,11,"Utah"
pr,10290002,0,"Sunday, October 17, 2010 04:03:01 UTC",18.1959,-68.9100,2.7,122.90, 5,"Dominican Republic region"
pr,10290001,0,"Sunday, October 17, 2010 03:51:03 UTC",19.6779,-68.9903,3.2,55.00, 8,"Dominican Republic region"
ci,14862084,4,"Sunday, October 17, 2010 03:38:28 UTC",32.7063,-115.9357,1.2,3.80,15,"Southern California"
ak,10102568,1,"Sunday, October 17, 2010 02:58:57 UTC",61.5093,-149.9856,1.9,36.60,12,"Southern Alaska"
nc,71475146,0,"Sunday, October 17, 2010 02:27:13 UTC",38.7480,-122.7032,1.4,1.30,10,"Northern California"
ci,14862068,4,"Sunday, October 17, 2010 02:24:41 UTC",32.2478,-115.3707,2.3,10.00,13,"Baja California, Mexico"
ak,10102555,2,"Sunday, October 17, 2010 01:38:37 UTC",59.4901,-136.0269,2.8,10.80,11,"Southeastern Alaska"
nc,71475121,2,"Sunday, October 17, 2010 01:26:31 UTC",36.4640,-121.0440,1.6,6.10,34,"Central California"
nn,00318783,7,"Sunday, October 17, 2010 01:15:16 UTC",37.1238,-117.3903,1.2,5.20,14,"Central California"
nc,71475111,3,"Sunday, October 17, 2010 01:08:51 UTC",40.4812,-124.6732,2.6,16.90,31,"offshore Northern California"
us,b00003w3,4,"Sunday, October 17, 2010 01:06:59 UTC",-7.4295,125.6263,4.6,26.60,28,"Kepulauan Barat Daya, Indonesia"
nc,71475091,0,"Sunday, October 17, 2010 00:33:17 UTC",38.8310,-122.7577,1.2,1.20,12,"Northern California"
nc,71475086,0,"Sunday, October 17, 2010 00:32:51 UTC",38.8307,-122.7572,1.0,1.20, 8,"Northern California"
nn,00318779,7,"Sunday, October 17, 2010 00:28:25 UTC",37.0437,-117.1167,1.0,12.30, 7,"Nevada"
nn,00318778,7,"Sunday, October 17, 2010 00:28:11 UTC",37.3327,-118.0505,1.3,6.30,14,"Central California"
nn,00318777,7,"Sunday, October 17, 2010 00:23:40 UTC",37.1147,-117.3852,1.5,2.30,19,"Central California"
pr,10290000,0,"Sunday, October 17, 2010 00:07:49 UTC",17.8059,-68.6299,3.2,49.00,11,"Dominican Republic region"
us,a00040yu,9,"Saturday, October 16, 2010 23:59:46 UTC",-55.4884,-28.0570,5.2,10.20,50,"South Sandwich Islands region"
nn,00318776,7,"Saturday, October 16, 2010 23:54:02 UTC",37.1495,-117.3525,1.3,7.40,12,"Nevada"
ak,10102537,2,"Saturday, October 16, 2010 23:53:02 UTC",62.7393,-148.2355,1.7,53.10,22,"Central Alaska"
ak,10104086,2,"Saturday, October 16, 2010 23:39:38 UTC",51.1075,-178.2458,2.9,23.40, 7,"Andreanof Islands, Aleutian Islands, Alaska"
nn,00318774,7,"Saturday, October 16, 2010 23:35:46 UTC",37.1507,-117.3756,3.0,12.20,13,"Nevada"
nn,00318773,7,"Saturday, October 16, 2010 23:25:51 UTC",37.1508,-117.3885,1.3,16.10,12,"Nevada"
nc,71475056,0,"Saturday, October 16, 2010 23:15:57 UTC",38.8317,-122.8122,1.1,2.60,14,"Northern California"
pr,10289005,0,"Saturday, October 16, 2010 23:01:52 UTC",19.2980,-68.3359,2.9,78.00, 8,"Dominican Republic region"
nc,71475781,2,"Saturday, October 16, 2010 22:58:39 UTC",37.6300,-119.3813,1.0,8.40, 9,"Central California"
ak,10102527,2,"Saturday, October 16, 2010 22:34:39 UTC",62.9027,-151.0527,2.7,109.80,49,"Central Alaska"
ci,14862052,5,"Saturday, October 16, 2010 22:25:39 UTC",32.1860,-115.2490,2.8,13.70,19,"Baja California, Mexico"
ak,10104084,2,"Saturday, October 16, 2010 22:23:20 UTC",62.2486,-151.5740,1.7,88.70,14,"Central Alaska"
nc,71475036,3,"Saturday, October 16, 2010 22:13:12 UTC",35.7615,-120.3102,1.3,8.30,45,"Central California"
ak,10102523,2,"Saturday, October 16, 2010 22:06:51 UTC",60.3078,-150.8515,1.7,62.50,19,"Kenai Peninsula, Alaska"
mb,10107796,2,"Saturday, October 16, 2010 21:59:18 UTC",44.8561,-111.4960,1.6,7.20,26,"western Montana"
nc,71475021,3,"Saturday, October 16, 2010 21:52:53 UTC",35.7595,-120.3135,1.3,8.70,46,"Central California"
ci,14862044,6,"Saturday, October 16, 2010 21:51:28 UTC",32.1623,-115.2542,3.6,0.80,15,"Baja California, Mexico"
ci,14862028,4,"Saturday, October 16, 2010 21:43:36 UTC",33.0057,-116.4595,1.7,8.50,44,"Southern California"
ak,10104082,2,"Saturday, October 16, 2010 21:41:41 UTC",64.5843,-149.5171,1.2,22.60, 7,"Central Alaska"
ak,10102516,2,"Saturday, October 16, 2010 21:41:32 UTC",63.4265,-151.4537,1.6,8.50,11,"Central Alaska"
ci,14862020,4,"Saturday, October 16, 2010 21:06:50 UTC",32.4957,-115.6437,2.2,3.10,26,"Baja California, Mexico"
uu,10162044,2,"Saturday, October 16, 2010 20:44:42 UTC",38.8110,-111.5638,1.3,11.70, 9,"Utah"
ak,10102504,2,"Saturday, October 16, 2010 20:13:22 UTC",60.3128,-152.5944,1.6,93.30,12,"Southern Alaska"
us,a00040xz,7,"Saturday, October 16, 2010 20:08:31 UTC",-20.3308,-173.7369,5.9,12.60,257,"Tonga"
uw,10161952,1,"Saturday, October 16, 2010 19:52:27 UTC",46.1961,-122.1811,1.3,2.70,23,"Mount St. Helens area, Washington"
us,a00040xv,R,"Saturday, October 16, 2010 19:51:51 UTC",6.6394,94.3330,5.3,93.00,366,"Nicobar Islands, India region"
nc,71474976,0,"Saturday, October 16, 2010 19:34:27 UTC",38.8260,-122.8482,1.1,0.00,19,"Northern California"
ak,10102493,2,"Saturday, October 16, 2010 19:34:25 UTC",66.0640,-149.2448,1.5,22.20, 9,"northern Alaska"
ak,10102490,2,"Saturday, October 16, 2010 19:26:47 UTC",60.2735,-141.2983,1.1,0.00, 5,"Southern Alaska"
ci,14861988,4,"Saturday, October 16, 2010 19:16:19 UTC",33.0650,-114.9485,1.5,0.00, 8,"Southern California"
ak,10102487,2,"Saturday, October 16, 2010 19:12:39 UTC",63.4170,-151.4690,1.0,10.00,13,"Central Alaska"
ne,00001205,a,"Saturday, October 16, 2010 19:11:23 UTC",45.2035,-67.0490,1.5,0.50, 6,"Maine"
ak,10102485,2,"Saturday, October 16, 2010 19:08:56 UTC",63.4131,-151.4481,1.1,7.90,11,"Central Alaska"
ci,14861972,4,"Saturday, October 16, 2010 19:07:55 UTC",34.0143,-116.9845,1.7,20.40,47,"Southern California"
nc,71474966,0,"Saturday, October 16, 2010 19:07:26 UTC",38.9583,-123.1810,1.6,5.50, 7,"Northern California"
pr,10289004,0,"Saturday, October 16, 2010 18:49:14 UTC",19.7099,-66.2200,3.1,44.00, 6,"Puerto Rico region"
nn,00318766,7,"Saturday, October 16, 2010 18:47:28 UTC",36.2198,-115.7370,1.0,1.40,10,"Nevada"
ci,14861956,3,"Saturday, October 16, 2010 18:39:53 UTC",33.4912,-118.3942,2.1,7.00,33,"San Pedro Channel, California"
nc,71474951,1,"Saturday, October 16, 2010 18:39:02 UTC",38.8400,-122.8293,1.1,2.50,24,"Northern California"